adaptability,adapts_well_to_apartment_living,affectionate_with_family,all_around_friendliness,amount_of_shedding,breed,dog_friendly,drooling_potential,easy_to_groom,easy_to_train,energy_level,exercise_needs,friendly_toward_strangers,general_health,good_for_novice_owners,health_grooming,incredibly_kid_friendly_dogs,intelligence,intensity,is_cat,kid_friendly,pet_friendly,potential_for_mouthiness,potential_for_playfulness,potential_for_weight_gain,prey_drive,sensitivity_level,size,tendency_to_bark_or_howl,tendency_to_vocalize,tolerates_being_alone,tolerates_cold_weather,tolerates_hot_weather,trainability,wanderlust_potential
,,3.0,,3.0,Abyssinian,,,3.0,,,,,2.0,,,,5.0,,1,5.0,5.0,,5.0,,,,,,,,,,,
,,4.0,,4.0,American Bobtail,,,3.0,,,,4.0,4.0,,,,4.0,,1,4.0,4.0,,4.0,,,,,,3.0,,,,,
,,5.0,,4.0,American Curl,,,4.0,,,,4.0,5.0,,,,,,1,4.0,4.0,,4.0,,,,,,5.0,,,,,
,,3.0,,3.0,American Shorthair,,,4.0,,,,4.0,4.0,,,,4.0,,1,4.0,3.0,,2.0,,,,,,,,,,,
,,4.0,,3.0,American Wirehair,,,5.0,,,,3.0,5.0,,,,4.0,,1,4.0,3.0,,3.0,,,,,,,,,,,
,,4.0,,3.0,Balinese,,,4.0,,,,4.0,2.0,,,,,,1,4.0,4.0,,4.0,,,,,,1.0,,,,,
,,5.0,,2.0,Bengal Cats,,,4.0,,,,,3.0,,,,5.0,,1,5.0,5.0,,5.0,,,,,,2.0,,,,,
,,5.0,,3.0,Birman,,,2.0,,,,,2.0,,,,4.0,,1,5.0,5.0,,4.0,,,,,,4.0,,,,,
,,4.0,,2.0,Bombay,,,4.0,,,,4.0,4.0,,,,4.0,,1,4.0,4.0,,4.0,,,,,,3.0,,,,,
,,3.0,,3.0,British Shorthair,,,4.0,,,,4.0,4.0,,,,,,1,4.0,,,2.0,,,,,,4.0,,,,,
,,5.0,,2.0,Burmese,,,5.0,,,,5.0,2.0,,,,5.0,,1,5.0,4.0,,4.0,,,,,,,,,,,
,,4.0,,3.0,Burmilla,,,4.0,,,,,3.0,,,,3.0,,1,4.0,4.0,,5.0,,,,,,,,,,,
,,3.0,,4.0,Chartreux,,,2.0,,,,3.0,4.0,,,,,,1,3.0,4.0,,3.0,,,,,,5.0,,,,,
,,,,,Chinese Li Hua,,,,,,,,,,,,,,1,,,,,,,,,,,,,,,
,,5.0,,2.0,Colorpoint Shorthair,,,4.0,,,,,2.0,,,,4.0,,1,4.0,4.0,,5.0,,,,,,1.0,,,,,
,,5.0,,2.0,Cornish Rex,,,5.0,,,,5.0,3.0,,,,4.0,,1,5.0,5.0,,5.0,,,,,,2.0,,,,,
,,5.0,,4.0,Cymric,,,2.0,,,,4.0,3.0,,,,4.0,,1,3.0,3.0,,,,,,,,2.0,,,,,
,,5.0,,1.0,Devon Rex,,,5.0,,,,5.0,1.0,,,,4.0,,1,5.0,4.0,,4.0,,,,,,3.0,,,,,
,,5.0,,3.0,Egyptian Mau,,,4.0,,,,2.0,4.0,,,,,,1,4.0,3.0,,4.0,,,,,,2.0,,,,,
,,5.0,,2.0,European Burmese,,,5.0,,,,5.0,1.0,,,,5.0,,1,5.0,5.0,,5.0,,,,,,1.0,,,,,
,,4.0,,3.0,Exotic,,,2.0,,,,,2.0,,,,3.0,,1,3.0,3.0,,4.0,,,,,,5.0,,,,,
,,5.0,,3.0,Havana Brown,,,5.0,,,,3.0,4.0,,,,,,1,4.0,4.0,,3.0,,,,,,,,,,,
,,4.0,,5.0,Himalayan,,,1.0,,,,2.0,2.0,,,,,,1,2.0,2.0,,1.0,,,,,,,,,,,
,,5.0,,3.0,Japanese Bobtail,,,4.0,,,,,4.0,,,,4.0,,1,5.0,5.0,,5.0,,,,,,1.0,,,,,
,,5.0,,3.0,Javanese,,,4.0,,,,4.0,2.0,,,,4.0,,1,4.0,4.0,,4.0,,,,,,1.0,,,,,
,,5.0,,1.0,Korat,,,5.0,,,,2.0,4.0,,,,,,1,3.0,3.0,,,,,,,,5.0,,,,,
,,4.0,,2.0,LaPerm,,,4.0,,,,4.0,4.0,,,,,,1,4.0,4.0,,5.0,,,,,,5.0,,,,,
,,3.0,,4.0,Maine Coon,,,4.0,,,,2.0,3.0,,,,,,1,5.0,5.0,,4.0,,,,,,4.0,,,,,
,,4.0,,3.0,Manx,,,3.0,,,,3.0,3.0,,,,4.0,,1,2.0,2.0,,3.0,,,,,,2.0,,,,,
,,4.0,,4.0,Nebelung,,,2.0,,,,2.0,4.0,,,,4.0,,1,2.0,3.0,,4.0,,,,,,,,,,,
,,2.0,,4.0,Norwegian Forest,,,2.0,,,,2.0,2.0,,,,,,1,4.0,4.0,,,,,,,,4.0,,,,,
,,4.0,,2.0,Ocicat,,,4.0,,,,4.0,3.0,,,,4.0,,1,4.0,3.0,,,,,,,,2.0,,,,,
,,,,,Oriental,,,,,,,,,,,,,,1,,,,,,,,,,1.0,,,,,
,,3.0,,5.0,Persian,,,,,,,2.0,2.0,,,,,,1,2.0,2.0,,2.0,,,,,,3.0,,,,,
,,5.0,,4.0,Pixie-Bob,,,2.0,,,,3.0,5.0,,,,4.0,,1,5.0,4.0,,4.0,,,,,,3.0,,,,,
,,5.0,,4.0,Ragamuffin,,,4.0,,,,4.0,4.0,,,,4.0,,1,5.0,5.0,,3.0,,,,,,,,,,,
,,5.0,,4.0,Ragdoll Cats,,,1.0,,,,,3.0,,,,4.0,,1,5.0,4.0,,4.0,,,,,,4.0,,,,,
,,4.0,,4.0,Russian Blue,,,2.0,,,,2.0,4.0,,,,4.0,,1,3.0,4.0,,2.0,,,,,,,,,,,
,,4.0,,3.0,Savannah,,,4.0,,,,5.0,5.0,,,,5.0,,1,4.0,5.0,,5.0,,,,,,3.0,,,,,
,,5.0,,3.0,Scottish Fold,,,2.0,,,,,3.0,,,,4.0,,1,5.0,4.0,,3.0,,,,,,,,,,,
,,4.0,,4.0,Selkirk Rex,,,2.0,,,,,3.0,,,,,,1,5.0,4.0,,4.0,,,,,,2.0,,,,,
,,,,,Siamese Cat,,,,,,,,,,,,,,1,,,,,,,,,,,,,,,
,,5.0,,4.0,Siberian,,,2.0,,,,4.0,4.0,,,,4.0,,1,5.0,4.0,,5.0,,,,,,2.0,,,,,
,,5.0,,2.0,Singapura,,,4.0,,,,4.0,4.0,,,,5.0,,1,4.0,4.0,,4.0,,,,,,5.0,,,,,
,,5.0,,3.0,Snowshoe,,,5.0,,,,4.0,5.0,,,,5.0,,1,5.0,4.0,,5.0,,,,,,2.0,,,,,
,,5.0,,4.0,Somali,,,3.0,,,,4.0,2.0,,,,5.0,,1,5.0,5.0,,5.0,,,,,,,,,,,
,,5.0,,1.0,Sphynx,,,2.0,,,,5.0,2.0,,,,4.0,,1,5.0,5.0,,4.0,,,,,,,,,,,
,,5.0,,2.0,Tonkinese,,,4.0,,,,3.0,2.0,,,,5.0,,1,5.0,4.0,,5.0,,,,,,1.0,,,,,
,,5.0,,2.0,Turkish Angora,,,4.0,,,,4.0,3.0,,,,4.0,,1,3.0,3.0,,5.0,,,,,,,,,,,
,,3.0,,2.0,Turkish Van,,,4.0,,,,2.0,4.0,,,,5.0,,1,3.0,3.0,,4.0,,,,,,,,,,,
3.0,5.0,5.0,3.0,1.0,Affenpinscher,4.0,1.0,3.0,2.0,4.0,3.0,3.0,4.0,4.0,2.0,1.0,4.0,3.0,0,,,4.0,4.0,3.0,3.0,3.0,1.0,2.0,,1.0,3.0,3.0,3.0,2.0
4.0,5.0,5.0,4.0,4.0,Afghan Hound,4.0,1.0,1.0,1.0,5.0,4.0,2.0,3.0,3.0,2.0,5.0,4.0,2.0,0,,,3.0,4.0,1.0,5.0,5.0,4.0,2.0,,2.0,5.0,5.0,3.0,5.0
2.0,1.0,4.0,4.0,2.0,Airedale Terrier,4.0,1.0,2.0,4.0,5.0,5.0,3.0,3.0,2.0,3.0,4.0,5.0,3.0,0,,,5.0,5.0,4.0,5.0,3.0,3.0,4.0,,2.0,3.0,3.0,5.0,4.0
3.0,2.0,5.0,2.0,5.0,Akita,1.0,5.0,1.0,2.0,4.0,4.0,2.0,4.0,2.0,4.0,1.0,3.0,3.0,0,,,3.0,5.0,4.0,4.0,5.0,4.0,5.0,,1.0,5.0,2.0,4.0,4.0
3.0,3.0,4.0,3.0,4.0,Alaskan Klee Kai,2.0,2.0,4.0,4.0,4.0,4.0,2.0,4.0,2.0,3.0,3.0,4.0,2.0,0,,,2.0,4.0,2.0,5.0,4.0,2.0,3.0,,2.0,5.0,2.0,4.0,4.0
2.0,1.0,4.0,4.0,5.0,Alaskan Malamute,2.0,1.0,1.0,4.0,5.0,5.0,5.0,4.0,1.0,3.0,3.0,4.0,5.0,0,,,3.0,5.0,3.0,4.0,4.0,4.0,5.0,,1.0,5.0,2.0,4.0,5.0
2.0,1.0,5.0,3.0,1.0,American Bulldog,2.0,4.0,4.0,4.0,4.0,4.0,2.0,3.0,1.0,3.0,4.0,3.0,4.0,0,,,2.0,4.0,2.0,4.0,4.0,4.0,2.0,,1.0,2.0,2.0,3.0,3.0
3.0,1.0,5.0,5.0,3.0,American English Coonhound,4.0,1.0,5.0,5.0,5.0,5.0,5.0,4.0,2.0,3.0,5.0,4.0,5.0,0,,,3.0,5.0,3.0,5.0,5.0,3.0,5.0,,2.0,4.0,4.0,5.0,5.0
4.0,5.0,5.0,5.0,5.0,American Eskimo Dog,5.0,1.0,3.0,5.0,5.0,4.0,4.0,5.0,4.0,3.0,5.0,4.0,3.0,0,,,3.0,5.0,4.0,3.0,4.0,2.0,4.0,,2.0,5.0,3.0,4.0,3.0
2.0,1.0,4.0,5.0,3.0,American Foxhound,5.0,1.0,5.0,2.0,5.0,5.0,4.0,5.0,2.0,4.0,5.0,3.0,4.0,0,,,3.0,5.0,5.0,4.0,2.0,3.0,5.0,,1.0,4.0,4.0,4.0,5.0
3.0,3.0,5.0,4.0,4.0,American Pit Bull Terrier,1.0,1.0,5.0,4.0,4.0,4.0,5.0,4.0,2.0,3.0,5.0,4.0,5.0,0,,,5.0,5.0,3.0,3.0,4.0,3.0,3.0,,1.0,2.0,3.0,4.0,4.0
2.0,2.0,4.0,4.0,2.0,American Staffordshire Terrier,2.0,3.0,4.0,4.0,3.0,3.0,4.0,3.0,2.0,3.0,4.0,4.0,5.0,0,,,5.0,4.0,2.0,3.0,3.0,3.0,4.0,,2.0,2.0,3.0,4.0,3.0
3.0,2.0,5.0,4.0,3.0,American Water Spaniel,2.0,1.0,3.0,4.0,5.0,5.0,3.0,3.0,2.0,3.0,5.0,3.0,2.0,0,,,5.0,5.0,3.0,2.0,5.0,3.0,3.0,,1.0,2.0,4.0,4.0,5.0
3.0,1.0,3.0,2.0,2.0,Anatolian Shepherd Dog,2.0,3.0,4.0,4.0,3.0,3.0,1.0,3.0,2.0,3.0,2.0,4.0,3.0,0,,,2.0,3.0,3.0,2.0,4.0,5.0,2.0,,3.0,5.0,3.0,3.0,4.0
3.0,1.0,5.0,4.0,3.0,Appenzeller Sennenhunde,3.0,1.0,5.0,4.0,4.0,5.0,2.0,4.0,3.0,3.0,5.0,4.0,4.0,0,,,5.0,4.0,3.0,3.0,3.0,3.0,5.0,,1.0,5.0,4.0,4.0,3.0
3.0,2.0,5.0,4.0,3.0,Australian Cattle Dog,4.0,1.0,4.0,5.0,5.0,5.0,2.0,5.0,1.0,3.0,3.0,5.0,5.0,0,,,5.0,5.0,4.0,4.0,4.0,3.0,2.0,,3.0,4.0,4.0,4.0,4.0
3.0,2.0,4.0,3.0,3.0,Australian Kelpie,3.0,1.0,4.0,5.0,5.0,5.0,2.0,3.0,2.0,3.0,2.0,5.0,3.0,0,,,5.0,4.0,2.0,4.0,4.0,3.0,4.0,,2.0,3.0,5.0,5.0,4.0
3.0,1.0,5.0,4.0,3.0,Australian Shepherd,5.0,1.0,1.0,5.0,5.0,5.0,3.0,2.0,2.0,2.0,4.0,5.0,4.0,0,,,4.0,5.0,4.0,4.0,5.0,3.0,4.0,,2.0,4.0,4.0,5.0,5.0
3.0,5.0,4.0,3.0,1.0,Australian Terrier,2.0,1.0,5.0,3.0,5.0,4.0,3.0,5.0,3.0,3.0,3.0,4.0,5.0,0,,,1.0,5.0,3.0,5.0,2.0,1.0,5.0,,2.0,3.0,4.0,4.0,4.0
3.0,5.0,4.0,3.0,3.0,Azawakh,3.0,1.0,5.0,3.0,3.0,4.0,2.0,3.0,2.0,3.0,2.0,3.0,2.0,0,,,3.0,3.0,3.0,4.0,3.0,3.0,1.0,,3.0,1.0,5.0,3.0,2.0
3.0,3.0,5.0,4.0,2.0,Barbet,4.0,1.0,1.0,4.0,5.0,3.0,3.0,4.0,2.0,2.0,4.0,4.0,3.0,0,,,2.0,4.0,3.0,3.0,3.0,3.0,3.0,,1.0,4.0,4.0,3.0,3.0
4.0,5.0,5.0,5.0,1.0,Basenji,4.0,5.0,5.0,1.0,5.0,5.0,5.0,2.0,4.0,3.0,5.0,4.0,1.0,0,,,5.0,2.0,2.0,5.0,3.0,2.0,1.0,,4.0,1.0,4.0,4.0,5.0
3.0,5.0,5.0,5.0,4.0,Basset Hound,5.0,4.0,5.0,2.0,2.0,2.0,5.0,1.0,4.0,4.0,5.0,4.0,2.0,0,,,3.0,2.0,5.0,5.0,4.0,2.0,4.0,,3.0,2.0,2.0,4.0,5.0
3.0,4.0,5.0,5.0,3.0,Beagle,5.0,1.0,4.0,1.0,4.0,4.0,5.0,1.0,3.0,3.0,5.0,4.0,5.0,0,,,3.0,5.0,5.0,5.0,4.0,2.0,5.0,,1.0,2.0,4.0,4.0,5.0
3.0,3.0,5.0,5.0,4.0,Bearded Collie,5.0,1.0,2.0,5.0,4.0,4.0,4.0,3.0,4.0,3.0,4.0,4.0,4.0,0,,,3.0,5.0,4.0,3.0,4.0,3.0,3.0,,2.0,4.0,3.0,4.0,5.0
4.0,4.0,5.0,5.0,5.0,Bedlington Terrier,4.0,1.0,1.0,3.0,4.0,4.0,5.0,4.0,4.0,3.0,4.0,5.0,2.0,0,,,4.0,5.0,3.0,5.0,3.0,3.0,3.0,,3.0,4.0,3.0,4.0,4.0
3.0,1.0,5.0,4.0,2.0,Belgian Malinois,2.0,1.0,5.0,5.0,5.0,5.0,3.0,4.0,3.0,3.0,4.0,5.0,4.0,0,,,3.0,5.0,2.0,4.0,5.0,4.0,2.0,,3.0,4.0,4.0,4.0,3.0
4.0,3.0,4.0,5.0,5.0,Belgian Sheepdog,5.0,1.0,3.0,5.0,5.0,5.0,4.0,3.0,3.0,3.0,5.0,5.0,3.0,0,,,2.0,5.0,2.0,5.0,5.0,4.0,1.0,,3.0,4.0,3.0,4.0,4.0
3.0,3.0,4.0,3.0,4.0,Belgian Tervuren,3.0,1.0,3.0,5.0,5.0,4.0,3.0,3.0,3.0,3.0,3.0,5.0,3.0,0,,,2.0,5.0,2.0,2.0,5.0,4.0,5.0,,1.0,4.0,3.0,4.0,4.0
4.0,3.0,5.0,4.0,4.0,Berger Picard,3.0,1.0,5.0,4.0,5.0,5.0,2.0,5.0,4.0,4.0,5.0,4.0,3.0,0,,,2.0,5.0,3.0,3.0,5.0,4.0,2.0,,3.0,4.0,3.0,3.0,2.0
3.0,3.0,5.0,4.0,1.0,Bernedoodle,4.0,2.0,3.0,4.0,4.0,3.0,3.0,4.0,3.0,3.0,5.0,5.0,3.0,0,,,4.0,5.0,3.0,3.0,4.0,3.0,3.0,,2.0,5.0,3.0,4.0,3.0
2.0,1.0,5.0,5.0,5.0,Bernese Mountain Dog,3.0,4.0,3.0,4.0,4.0,3.0,5.0,1.0,2.0,4.0,5.0,4.0,3.0,0,,,5.0,4.0,4.0,5.0,4.0,5.0,4.0,,1.0,5.0,1.0,4.0,3.0
4.0,5.0,5.0,5.0,2.0,Bichon Frise,4.0,1.0,1.0,5.0,5.0,3.0,5.0,4.0,5.0,2.0,4.0,4.0,3.0,0,,,3.0,5.0,4.0,4.0,5.0,2.0,2.0,,1.0,3.0,4.0,3.0,2.0
3.0,1.0,5.0,4.0,3.0,Black Mouth Cur,3.0,2.0,5.0,3.0,4.0,5.0,3.0,4.0,2.0,3.0,5.0,4.0,3.0,0,,,3.0,4.0,2.0,5.0,4.0,4.0,4.0,,2.0,3.0,3.0,4.0,4.0
3.0,3.0,5.0,4.0,2.0,Black Russian Terrier,2.0,3.0,2.0,4.0,4.0,4.0,3.0,3.0,2.0,3.0,5.0,4.0,5.0,0,,,4.0,5.0,3.0,3.0,4.0,5.0,3.0,,1.0,4.0,3.0,4.0,3.0
3.0,1.0,5.0,5.0,5.0,Black and Tan Coonhound,5.0,3.0,4.0,2.0,5.0,5.0,5.0,5.0,2.0,4.0,5.0,5.0,5.0,0,,,1.0,5.0,5.0,5.0,3.0,3.0,5.0,,2.0,4.0,4.0,4.0,5.0
3.0,1.0,5.0,5.0,4.0,Bloodhound,5.0,5.0,1.0,3.0,5.0,5.0,5.0,3.0,2.0,3.0,5.0,4.0,4.0,0,,,5.0,3.0,3.0,3.0,4.0,4.0,4.0,,2.0,3.0,3.0,4.0,5.0
3.0,1.0,4.0,3.0,3.0,Blue Lacy,2.0,2.0,5.0,5.0,5.0,5.0,2.0,4.0,1.0,3.0,3.0,5.0,5.0,0,,,4.0,4.0,2.0,5.0,4.0,3.0,5.0,,2.0,4.0,5.0,5.0,4.0
3.0,2.0,5.0,4.0,2.0,Bluetick Coonhound,3.0,2.0,5.0,2.0,5.0,5.0,3.0,4.0,2.0,3.0,5.0,4.0,4.0,0,,,3.0,5.0,3.0,4.0,5.0,3.0,4.0,,2.0,3.0,3.0,4.0,5.0
2.0,1.0,4.0,3.0,3.0,Boerboel,2.0,4.0,4.0,2.0,3.0,4.0,2.0,4.0,1.0,4.0,4.0,4.0,4.0,0,,,3.0,4.0,3.0,3.0,3.0,5.0,3.0,,2.0,3.0,4.0,3.0,4.0
3.0,5.0,5.0,5.0,1.0,Bolognese,5.0,1.0,1.0,5.0,3.0,4.0,5.0,5.0,3.0,2.0,5.0,4.0,3.0,0,,,4.0,3.0,3.0,5.0,5.0,1.0,4.0,,2.0,2.0,3.0,4.0,1.0
3.0,2.0,5.0,4.0,3.0,Border Collie,3.0,1.0,3.0,5.0,5.0,5.0,5.0,2.0,2.0,3.0,4.0,5.0,3.0,0,,,3.0,5.0,3.0,3.0,5.0,3.0,2.0,,1.0,4.0,4.0,4.0,3.0
3.0,4.0,5.0,4.0,3.0,Border Terrier,2.0,1.0,2.0,3.0,4.0,5.0,5.0,4.0,3.0,3.0,4.0,5.0,4.0,0,,,5.0,5.0,5.0,5.0,3.0,2.0,1.0,,1.0,4.0,3.0,4.0,4.0
4.0,5.0,4.0,4.0,5.0,Borzoi,4.0,1.0,4.0,3.0,2.0,2.0,4.0,4.0,3.0,4.0,3.0,4.0,2.0,0,,,3.0,3.0,2.0,5.0,5.0,5.0,2.0,,1.0,4.0,3.0,4.0,4.0
4.0,5.0,4.0,5.0,2.0,Boston Terrier,5.0,1.0,5.0,4.0,4.0,4.0,4.0,4.0,4.0,3.0,5.0,4.0,5.0,0,,,2.0,5.0,3.0,2.0,5.0,2.0,3.0,,3.0,3.0,2.0,3.0,5.0
3.0,3.0,5.0,4.0,1.0,Bouvier des Flandres,2.0,1.0,2.0,5.0,4.0,4.0,2.0,3.0,2.0,3.0,5.0,4.0,5.0,0,,,2.0,4.0,4.0,2.0,4.0,4.0,4.0,,2.0,4.0,2.0,3.0,2.0
3.0,4.0,5.0,4.0,4.0,Boxer,3.0,2.0,5.0,4.0,5.0,5.0,4.0,2.0,3.0,3.0,4.0,4.0,5.0,0,,,2.0,5.0,4.0,3.0,4.0,3.0,3.0,,1.0,2.0,1.0,3.0,3.0
3.0,1.0,5.0,4.0,4.0,Boykin Spaniel,4.0,1.0,1.0,4.0,5.0,5.0,3.0,2.0,3.0,3.0,5.0,4.0,5.0,0,,,4.0,4.0,4.0,2.0,4.0,3.0,3.0,,3.0,3.0,4.0,4.0,4.0
3.0,1.0,5.0,4.0,3.0,Bracco Italiano,5.0,3.0,5.0,3.0,4.0,5.0,3.0,2.0,2.0,3.0,3.0,4.0,4.0,0,,,3.0,3.0,3.0,5.0,4.0,4.0,2.0,,3.0,3.0,3.0,3.0,3.0
3.0,3.0,4.0,4.0,1.0,Briard,5.0,1.0,1.0,4.0,4.0,4.0,2.0,3.0,3.0,2.0,5.0,4.0,4.0,0,,,2.0,4.0,3.0,3.0,4.0,4.0,4.0,,3.0,4.0,3.0,4.0,5.0
3.0,1.0,5.0,5.0,3.0,Brittany,5.0,5.0,3.0,3.0,5.0,5.0,4.0,4.0,3.0,4.0,5.0,5.0,3.0,0,,,3.0,5.0,3.0,5.0,5.0,3.0,3.0,,1.0,4.0,3.0,4.0,4.0
3.0,5.0,5.0,3.0,3.0,Brussels Griffon,4.0,3.0,3.0,3.0,5.0,4.0,3.0,3.0,2.0,3.0,1.0,4.0,3.0,0,,,3.0,5.0,3.0,1.0,5.0,1.0,4.0,,1.0,1.0,2.0,3.0,5.0
3.0,4.0,5.0,5.0,3.0,Bull Terrier,4.0,1.0,5.0,5.0,4.0,5.0,5.0,4.0,4.0,3.0,5.0,4.0,5.0,0,,,4.0,5.0,5.0,4.0,5.0,2.0,1.0,,2.0,1.0,4.0,4.0,5.0
3.0,5.0,5.0,4.0,3.0,Bulldog,2.0,5.0,5.0,3.0,2.0,3.0,5.0,4.0,4.0,4.0,4.0,2.0,3.0,0,,,2.0,4.0,5.0,2.0,4.0,2.0,4.0,,3.0,1.0,1.0,2.0,1.0
3.0,3.0,5.0,4.0,1.0,Bullmastiff,4.0,5.0,5.0,3.0,2.0,3.0,3.0,2.0,2.0,4.0,5.0,3.0,4.0,0,,,3.0,5.0,5.0,3.0,4.0,5.0,4.0,,2.0,4.0,2.0,3.0,3.0
4.0,5.0,5.0,5.0,3.0,Cairn Terrier,4.0,1.0,5.0,2.0,5.0,4.0,4.0,4.0,4.0,3.0,5.0,5.0,4.0,0,,,3.0,5.0,3.0,4.0,3.0,1.0,4.0,,1.0,4.0,4.0,4.0,3.0
4.0,4.0,4.0,3.0,4.0,Canaan Dog,3.0,1.0,5.0,5.0,4.0,3.0,2.0,5.0,4.0,3.0,2.0,4.0,3.0,0,,,3.0,4.0,2.0,3.0,4.0,3.0,3.0,,3.0,3.0,5.0,3.0,2.0
2.0,1.0,4.0,3.0,3.0,Cane Corso,3.0,4.0,5.0,4.0,4.0,5.0,2.0,3.0,1.0,4.0,2.0,5.0,3.0,0,,,2.0,2.0,4.0,5.0,3.0,4.0,3.0,,1.0,3.0,4.0,4.0,2.0
4.0,4.0,5.0,4.0,4.0,Cardigan Welsh Corgi,3.0,1.0,3.0,4.0,3.0,3.0,3.0,4.0,4.0,3.0,4.0,5.0,3.0,0,,,2.0,4.0,4.0,4.0,4.0,2.0,2.0,,3.0,4.0,3.0,3.0,3.0
2.0,1.0,5.0,3.0,3.0,Catahoula Leopard Dog,1.0,1.0,5.0,2.0,4.0,5.0,1.0,3.0,1.0,3.0,3.0,3.0,3.0,0,,,3.0,2.0,3.0,1.0,2.0,4.0,3.0,,2.0,3.0,3.0,3.0,3.0
3.0,2.0,4.0,3.0,4.0,Caucasian Shepherd Dog,2.0,4.0,2.0,2.0,2.0,2.0,2.0,3.0,1.0,4.0,2.0,4.0,4.0,0,,,4.0,3.0,4.0,3.0,2.0,5.0,3.0,,3.0,5.0,2.0,3.0,2.0
4.0,5.0,5.0,5.0,3.0,Cavalier King Charles Spaniel,5.0,1.0,4.0,4.0,3.0,4.0,5.0,4.0,5.0,3.0,5.0,4.0,2.0,0,,,3.0,5.0,4.0,3.0,5.0,2.0,3.0,,1.0,3.0,2.0,3.0,2.0
4.0,5.0,5.0,3.0,1.0,Cesky Terrier,2.0,1.0,4.0,4.0,2.0,3.0,3.0,5.0,4.0,3.0,3.0,3.0,3.0,0,,,3.0,5.0,4.0,2.0,4.0,2.0,3.0,,3.0,3.0,3.0,3.0,3.0
3.0,1.0,5.0,3.0,5.0,Chesapeake Bay Retriever,1.0,3.0,5.0,3.0,5.0,5.0,1.0,4.0,1.0,4.0,3.0,4.0,5.0,0,,,3.0,4.0,4.0,3.0,3.0,3.0,3.0,,2.0,4.0,4.0,3.0,4.0
3.0,5.0,5.0,4.0,2.0,Chihuahua,2.0,1.0,5.0,4.0,3.0,1.0,2.0,2.0,4.0,2.0,5.0,4.0,2.0,0,,,3.0,4.0,3.0,3.0,5.0,1.0,3.0,,1.0,1.0,2.0,3.0,2.0
3.0,5.0,4.0,4.0,2.0,Chinese Crested,4.0,1.0,2.0,4.0,2.0,2.0,4.0,5.0,3.0,2.0,5.0,3.0,1.0,0,,,4.0,3.0,2.0,3.0,5.0,2.0,3.0,,1.0,1.0,3.0,3.0,1.0
3.0,4.0,2.0,2.0,5.0,Chinese Shar-Pei,1.0,2.0,5.0,3.0,2.0,3.0,2.0,1.0,2.0,3.0,2.0,2.0,1.0,0,,,5.0,1.0,4.0,2.0,2.0,3.0,5.0,,4.0,2.0,1.0,3.0,2.0
3.0,4.0,5.0,5.0,5.0,Chinook,5.0,1.0,2.0,4.0,3.0,3.0,4.0,4.0,1.0,3.0,5.0,5.0,3.0,0,,,3.0,4.0,3.0,2.0,5.0,4.0,2.0,,1.0,5.0,4.0,3.0,2.0
3.0,3.0,2.0,1.0,1.0,Chow Chow,1.0,3.0,1.0,2.0,2.0,2.0,1.0,2.0,2.0,3.0,1.0,1.0,2.0,0,,,5.0,1.0,4.0,2.0,2.0,4.0,1.0,,5.0,5.0,2.0,2.0,2.0
4.0,5.0,5.0,4.0,5.0,Clumber Spaniel,4.0,5.0,1.0,4.0,3.0,2.0,3.0,2.0,5.0,4.0,3.0,3.0,1.0,0,,,5.0,5.0,5.0,5.0,4.0,3.0,1.0,,2.0,5.0,2.0,4.0,4.0
4.0,4.0,5.0,5.0,1.0,Cockapoo,5.0,1.0,3.0,4.0,3.0,3.0,4.0,2.0,5.0,2.0,4.0,4.0,3.0,0,,,2.0,5.0,3.0,3.0,4.0,2.0,2.0,,3.0,4.0,4.0,3.0,3.0
4.0,5.0,5.0,4.0,3.0,Cocker Spaniel,4.0,1.0,1.0,5.0,4.0,3.0,3.0,4.0,3.0,3.0,3.0,4.0,2.0,0,,,4.0,4.0,4.0,5.0,5.0,2.0,3.0,,1.0,4.0,3.0,4.0,4.0
4.0,3.0,5.0,5.0,5.0,Collie,4.0,1.0,2.0,4.0,3.0,3.0,4.0,3.0,4.0,3.0,5.0,4.0,2.0,0,,,3.0,4.0,3.0,4.0,5.0,3.0,4.0,,2.0,4.0,3.0,3.0,1.0
4.0,5.0,5.0,5.0,1.0,Coton de Tulear,5.0,1.0,2.0,3.0,3.0,3.0,5.0,5.0,4.0,2.0,5.0,4.0,2.0,0,,,3.0,5.0,3.0,1.0,5.0,1.0,2.0,,1.0,3.0,3.0,3.0,3.0
3.0,1.0,5.0,4.0,3.0,Curly-Coated Retriever,4.0,2.0,3.0,4.0,5.0,4.0,3.0,2.0,3.0,3.0,5.0,5.0,3.0,0,,,5.0,5.0,3.0,5.0,3.0,3.0,3.0,,3.0,4.0,4.0,4.0,4.0
3.0,5.0,4.0,3.0,3.0,Dachshund,3.0,1.0,3.0,2.0,3.0,3.0,1.0,2.0,4.0,3.0,5.0,4.0,3.0,0,,,4.0,4.0,5.0,5.0,4.0,1.0,5.0,,3.0,1.0,3.0,4.0,5.0
3.0,2.0,5.0,4.0,5.0,Dalmatian,4.0,1.0,5.0,4.0,5.0,5.0,3.0,4.0,3.0,4.0,4.0,4.0,4.0,0,,,2.0,4.0,4.0,2.0,4.0,3.0,2.0,,3.0,3.0,4.0,3.0,4.0
3.0,4.0,5.0,4.0,3.0,Dandie Dinmont Terrier,3.0,1.0,2.0,2.0,3.0,2.0,3.0,3.0,4.0,2.0,4.0,3.0,3.0,0,,,3.0,4.0,4.0,4.0,3.0,1.0,2.0,,2.0,3.0,3.0,3.0,3.0
3.0,3.0,5.0,3.0,4.0,Doberman Pinscher,1.0,4.0,5.0,5.0,3.0,3.0,3.0,1.0,3.0,4.0,3.0,5.0,3.0,0,,,2.0,5.0,3.0,1.0,5.0,4.0,1.0,,2.0,1.0,4.0,3.0,2.0
2.0,1.0,4.0,3.0,1.0,Dogo Argentino,2.0,3.0,4.0,2.0,4.0,4.0,2.0,3.0,1.0,3.0,2.0,3.0,4.0,0,,,2.0,3.0,2.0,5.0,3.0,4.0,2.0,,2.0,2.0,4.0,3.0,4.0
3.0,5.0,5.0,3.0,3.0,Dogue de Bordeaux,1.0,5.0,5.0,2.0,2.0,5.0,1.0,2.0,1.0,4.0,5.0,3.0,2.0,0,,,4.0,3.0,4.0,4.0,4.0,4.0,2.0,,2.0,3.0,2.0,3.0,1.0
3.0,3.0,4.0,4.0,4.0,Dutch Shepherd,4.0,2.0,3.0,5.0,4.0,4.0,2.0,4.0,3.0,3.0,4.0,4.0,3.0,0,,,2.0,4.0,2.0,3.0,3.0,3.0,2.0,,2.0,4.0,4.0,3.0,2.0
4.0,5.0,5.0,5.0,3.0,English Cocker Spaniel,5.0,1.0,3.0,4.0,5.0,4.0,5.0,4.0,4.0,3.0,5.0,5.0,3.0,0,,,3.0,5.0,5.0,5.0,5.0,2.0,4.0,,1.0,4.0,3.0,4.0,4.0
3.0,1.0,4.0,4.0,3.0,English Foxhound,5.0,1.0,5.0,3.0,5.0,5.0,3.0,4.0,2.0,3.0,4.0,3.0,4.0,0,,,4.0,5.0,2.0,5.0,3.0,3.0,4.0,,4.0,3.0,3.0,4.0,5.0
3.0,1.0,5.0,5.0,3.0,English Setter,5.0,2.0,3.0,3.0,4.0,5.0,5.0,3.0,3.0,3.0,5.0,5.0,2.0,0,,,4.0,5.0,5.0,5.0,4.0,3.0,4.0,,1.0,4.0,3.0,4.0,5.0
3.0,1.0,5.0,5.0,3.0,English Springer Spaniel,5.0,1.0,2.0,5.0,5.0,5.0,4.0,3.0,3.0,3.0,5.0,5.0,3.0,0,,,3.0,5.0,3.0,5.0,4.0,3.0,3.0,,1.0,3.0,4.0,4.0,4.0
3.0,4.0,5.0,4.0,5.0,English Toy Spaniel,4.0,2.0,4.0,3.0,3.0,2.0,4.0,2.0,4.0,3.0,1.0,3.0,3.0,0,,,4.0,4.0,3.0,4.0,4.0,2.0,3.0,,1.0,2.0,2.0,3.0,2.0
3.0,1.0,5.0,4.0,3.0,Entlebucher Mountain Dog,3.0,1.0,5.0,3.0,5.0,5.0,2.0,3.0,2.0,3.0,5.0,4.0,4.0,0,,,4.0,5.0,3.0,4.0,4.0,3.0,5.0,,3.0,4.0,2.0,4.0,3.0
3.0,1.0,5.0,5.0,3.0,Field Spaniel,4.0,1.0,4.0,5.0,5.0,5.0,4.0,3.0,3.0,3.0,5.0,5.0,3.0,0,,,3.0,5.0,4.0,4.0,4.0,2.0,2.0,,1.0,3.0,4.0,4.0,5.0
4.0,4.0,5.0,5.0,3.0,Finnish Lapphund,5.0,1.0,4.0,5.0,5.0,4.0,4.0,4.0,4.0,3.0,5.0,5.0,5.0,0,,,4.0,5.0,4.0,4.0,4.0,3.0,3.0,,2.0,5.0,2.0,4.0,4.0
3.0,3.0,5.0,5.0,4.0,Finnish Spitz,5.0,1.0,2.0,3.0,5.0,5.0,3.0,4.0,3.0,3.0,5.0,4.0,4.0,0,,,3.0,5.0,3.0,3.0,3.0,3.0,5.0,,1.0,5.0,3.0,4.0,4.0
3.0,1.0,5.0,5.0,3.0,Flat-Coated Retriever,5.0,2.0,4.0,4.0,5.0,5.0,5.0,4.0,2.0,3.0,5.0,5.0,4.0,0,,,3.0,5.0,4.0,3.0,5.0,3.0,4.0,,1.0,4.0,4.0,4.0,4.0
3.0,3.0,4.0,4.0,2.0,Fox Terrier,3.0,1.0,2.0,5.0,5.0,5.0,3.0,4.0,3.0,2.0,4.0,5.0,5.0,0,,,3.0,5.0,2.0,5.0,3.0,2.0,3.0,,3.0,3.0,4.0,4.0,3.0
3.0,5.0,5.0,4.0,3.0,French Bulldog,4.0,1.0,5.0,4.0,3.0,2.0,4.0,2.0,5.0,3.0,4.0,3.0,4.0,0,,,3.0,5.0,4.0,2.0,3.0,2.0,3.0,,1.0,2.0,1.0,3.0,2.0
3.0,3.0,5.0,3.0,3.0,German Pinscher,2.0,1.0,5.0,4.0,5.0,5.0,2.0,4.0,3.0,3.0,3.0,5.0,3.0,0,,,3.0,5.0,3.0,5.0,4.0,3.0,3.0,,3.0,3.0,4.0,4.0,4.0
3.0,3.0,5.0,4.0,5.0,German Shepherd Dog,2.0,1.0,5.0,5.0,5.0,5.0,4.0,4.0,2.0,4.0,5.0,5.0,5.0,0,,,5.0,5.0,2.0,4.0,5.0,4.0,4.0,,2.0,4.0,3.0,4.0,2.0
2.0,1.0,5.0,4.0,2.0,German Shorthaired Pointer,4.0,2.0,5.0,5.0,5.0,5.0,3.0,3.0,2.0,3.0,5.0,5.0,3.0,0,,,4.0,5.0,3.0,5.0,4.0,3.0,3.0,,1.0,2.0,4.0,5.0,5.0
3.0,2.0,5.0,3.0,2.0,German Wirehaired Pointer,3.0,2.0,4.0,4.0,5.0,5.0,2.0,4.0,3.0,3.0,3.0,5.0,4.0,0,,,4.0,5.0,3.0,4.0,4.0,4.0,3.0,,2.0,3.0,4.0,4.0,5.0
2.0,1.0,5.0,3.0,4.0,Giant Schnauzer,3.0,1.0,2.0,5.0,5.0,5.0,2.0,4.0,1.0,3.0,3.0,4.0,2.0,0,,,3.0,5.0,3.0,4.0,4.0,4.0,4.0,,2.0,4.0,2.0,4.0,4.0
3.0,4.0,5.0,4.0,1.0,Glen of Imaal Terrier,2.0,1.0,5.0,4.0,4.0,4.0,3.0,5.0,2.0,3.0,5.0,4.0,5.0,0,,,3.0,4.0,3.0,5.0,3.0,1.0,4.0,,3.0,3.0,4.0,4.0,3.0
4.0,2.0,5.0,5.0,3.0,Goldador,5.0,2.0,4.0,4.0,5.0,5.0,5.0,4.0,4.0,3.0,5.0,5.0,5.0,0,,,2.0,5.0,3.0,1.0,3.0,4.0,1.0,,4.0,5.0,4.0,3.0,4.0
3.0,2.0,5.0,5.0,5.0,Golden Retriever,5.0,4.0,2.0,5.0,5.0,5.0,5.0,2.0,3.0,4.0,5.0,5.0,2.0,0,,,5.0,5.0,5.0,3.0,5.0,3.0,3.0,,1.0,3.0,3.0,4.0,2.0
3.0,1.0,5.0,5.0,2.0,Goldendoodle,5.0,1.0,4.0,4.0,4.0,5.0,4.0,3.0,4.0,3.0,5.0,5.0,3.0,0,,,1.0,5.0,3.0,1.0,4.0,4.0,3.0,,3.0,3.0,3.0,3.0,3.0
3.0,2.0,5.0,3.0,5.0,Gordon Setter,2.0,3.0,2.0,5.0,5.0,5.0,3.0,4.0,3.0,3.0,3.0,5.0,2.0,0,,,3.0,5.0,3.0,4.0,4.0,3.0,5.0,,1.0,4.0,3.0,4.0,4.0
2.0,1.0,5.0,5.0,5.0,Great Dane,5.0,4.0,5.0,5.0,5.0,5.0,5.0,4.0,1.0,4.0,5.0,3.0,5.0,0,,,2.0,5.0,2.0,3.0,5.0,5.0,4.0,,1.0,2.0,3.0,3.0,3.0
3.0,1.0,5.0,4.0,5.0,Great Pyrenees,4.0,2.0,4.0,1.0,5.0,5.0,3.0,2.0,1.0,4.0,4.0,4.0,5.0,0,,,2.0,4.0,4.0,5.0,4.0,5.0,5.0,,3.0,5.0,3.0,4.0,5.0
3.0,1.0,5.0,5.0,3.0,Greater Swiss Mountain Dog,5.0,1.0,5.0,3.0,5.0,3.0,3.0,2.0,2.0,3.0,5.0,3.0,4.0,0,,,3.0,5.0,4.0,4.0,4.0,5.0,4.0,,3.0,5.0,1.0,3.0,3.0
3.0,4.0,5.0,5.0,4.0,Greyhound,4.0,5.0,5.0,5.0,5.0,5.0,5.0,4.0,2.0,5.0,5.0,5.0,3.0,0,,,4.0,4.0,5.0,5.0,5.0,4.0,2.0,,1.0,1.0,5.0,4.0,5.0
3.0,1.0,4.0,5.0,3.0,Harrier,5.0,1.0,5.0,2.0,5.0,5.0,5.0,5.0,3.0,3.0,5.0,4.0,4.0,0,,,3.0,5.0,3.0,4.0,2.0,3.0,4.0,,3.0,3.0,4.0,4.0,5.0
4.0,5.0,5.0,5.0,2.0,Havanese,5.0,1.0,1.0,5.0,3.0,3.0,5.0,3.0,5.0,2.0,4.0,4.0,2.0,0,,,3.0,5.0,4.0,4.0,4.0,2.0,2.0,,1.0,3.0,4.0,3.0,2.0
3.0,5.0,5.0,5.0,3.0,Ibizan Hound,5.0,1.0,5.0,3.0,5.0,5.0,4.0,4.0,3.0,3.0,5.0,4.0,3.0,0,,,3.0,5.0,1.0,5.0,4.0,3.0,2.0,,2.0,1.0,4.0,4.0,5.0
3.0,1.0,4.0,3.0,5.0,Icelandic Sheepdog,2.0,1.0,1.0,3.0,4.0,4.0,2.0,3.0,1.0,3.0,4.0,4.0,5.0,0,,,3.0,4.0,3.0,4.0,3.0,3.0,1.0,,2.0,5.0,3.0,3.0,4.0
3.0,1.0,5.0,4.0,3.0,Irish Red and White Setter,4.0,1.0,3.0,4.0,5.0,5.0,4.0,2.0,3.0,2.0,4.0,4.0,5.0,0,,,4.0,5.0,2.0,3.0,4.0,3.0,3.0,,1.0,4.0,3.0,4.0,4.0
3.0,1.0,5.0,5.0,4.0,Irish Setter,5.0,2.0,3.0,4.0,5.0,5.0,5.0,2.0,3.0,3.0,5.0,5.0,3.0,0,,,5.0,5.0,3.0,5.0,4.0,4.0,4.0,,2.0,4.0,3.0,5.0,5.0
3.0,3.0,5.0,4.0,4.0,Irish Terrier,1.0,1.0,2.0,1.0,5.0,4.0,3.0,5.0,2.0,3.0,5.0,4.0,4.0,0,,,1.0,5.0,3.0,2.0,3.0,3.0,4.0,,2.0,4.0,4.0,3.0,3.0
3.0,3.0,5.0,5.0,1.0,Irish Water Spaniel,4.0,2.0,3.0,5.0,5.0,5.0,5.0,2.0,2.0,2.0,5.0,4.0,3.0,0,,,3.0,4.0,3.0,5.0,4.0,3.0,4.0,,3.0,4.0,4.0,4.0,3.0
2.0,1.0,5.0,5.0,3.0,Irish Wolfhound,5.0,1.0,3.0,3.0,2.0,4.0,5.0,1.0,2.0,3.0,5.0,4.0,2.0,0,,,3.0,4.0,3.0,5.0,3.0,5.0,1.0,,2.0,4.0,2.0,3.0,3.0
3.0,5.0,5.0,5.0,2.0,Italian Greyhound,4.0,1.0,5.0,3.0,4.0,4.0,4.0,3.0,5.0,3.0,5.0,3.0,2.0,0,,,4.0,4.0,2.0,5.0,5.0,2.0,3.0,,1.0,1.0,3.0,4.0,3.0
3.0,3.0,5.0,5.0,3.0,Jack Russell Terrier,5.0,1.0,3.0,4.0,5.0,5.0,4.0,4.0,2.0,3.0,4.0,5.0,5.0,0,,,4.0,5.0,4.0,5.0,3.0,2.0,4.0,,3.0,4.0,3.0,4.0,4.0
3.0,5.0,3.0,3.0,3.0,Japanese Chin,3.0,1.0,3.0,3.0,2.0,2.0,4.0,3.0,4.0,2.0,3.0,3.0,1.0,0,,,4.0,4.0,3.0,3.0,3.0,1.0,3.0,,1.0,3.0,2.0,3.0,1.0
3.0,4.0,4.0,4.0,3.0,Japanese Spitz,4.0,1.0,4.0,4.0,3.0,3.0,2.0,3.0,4.0,3.0,5.0,4.0,2.0,0,,,2.0,4.0,2.0,2.0,3.0,2.0,4.0,,2.0,4.0,3.0,3.0,2.0
3.0,2.0,4.0,3.0,3.0,Karelian Bear Dog,1.0,1.0,4.0,2.0,4.0,4.0,2.0,4.0,1.0,3.0,3.0,4.0,5.0,0,,,4.0,4.0,2.0,5.0,4.0,3.0,4.0,,2.0,5.0,3.0,4.0,5.0
4.0,4.0,5.0,5.0,5.0,Keeshond,4.0,1.0,3.0,4.0,4.0,3.0,4.0,3.0,4.0,3.0,5.0,4.0,3.0,0,,,3.0,5.0,4.0,3.0,5.0,3.0,4.0,,1.0,5.0,3.0,3.0,2.0
3.0,3.0,4.0,4.0,1.0,Kerry Blue Terrier,2.0,1.0,2.0,4.0,4.0,5.0,5.0,3.0,2.0,2.0,4.0,4.0,4.0,0,,,4.0,4.0,3.0,3.0,3.0,3.0,4.0,,3.0,4.0,3.0,4.0,3.0
3.0,2.0,5.0,3.0,3.0,Komondor,1.0,2.0,2.0,4.0,2.0,4.0,1.0,2.0,1.0,3.0,3.0,4.0,1.0,0,,,3.0,4.0,3.0,2.0,4.0,4.0,5.0,,1.0,4.0,3.0,4.0,4.0
3.0,4.0,3.0,2.0,3.0,Kooikerhondje,2.0,1.0,2.0,1.0,4.0,5.0,2.0,5.0,3.0,3.0,2.0,4.0,5.0,0,,,3.0,4.0,3.0,3.0,4.0,3.0,3.0,,2.0,4.0,3.0,3.0,3.0
,,,,,Korean Jindo Dog,,,,,,,,,,,,,,0,,,,,,,,,,,,,,,
3.0,1.0,5.0,2.0,4.0,Kuvasz,2.0,3.0,4.0,2.0,4.0,5.0,1.0,4.0,1.0,4.0,1.0,4.0,4.0,0,,,1.0,4.0,4.0,1.0,5.0,5.0,3.0,,1.0,5.0,2.0,2.0,3.0
4.0,3.0,5.0,5.0,3.0,Labradoodle,5.0,1.0,4.0,4.0,5.0,5.0,5.0,4.0,4.0,3.0,4.0,4.0,4.0,0,,,1.0,5.0,3.0,2.0,3.0,4.0,2.0,,4.0,5.0,4.0,3.0,3.0
3.0,1.0,5.0,5.0,5.0,Labrador Retriever,5.0,3.0,5.0,5.0,5.0,5.0,5.0,3.0,3.0,4.0,5.0,5.0,5.0,0,,,5.0,5.0,5.0,2.0,5.0,4.0,4.0,,2.0,3.0,3.0,4.0,3.0
3.0,2.0,3.0,3.0,1.0,Lagotto Romagnolo,3.0,2.0,1.0,4.0,4.0,4.0,3.0,4.0,4.0,2.0,3.0,4.0,2.0,0,,,2.0,4.0,3.0,4.0,3.0,2.0,3.0,,3.0,4.0,3.0,3.0,3.0
3.0,4.0,5.0,4.0,2.0,Lakeland Terrier,3.0,1.0,2.0,2.0,5.0,4.0,3.0,5.0,3.0,3.0,4.0,4.0,4.0,0,,,1.0,4.0,3.0,4.0,3.0,2.0,2.0,,2.0,4.0,4.0,3.0,3.0
3.0,2.0,4.0,3.0,3.0,Lancashire Heeler,3.0,1.0,4.0,3.0,4.0,3.0,2.0,4.0,2.0,3.0,3.0,4.0,4.0,0,,,2.0,4.0,4.0,2.0,3.0,1.0,2.0,,3.0,3.0,3.0,3.0,4.0
2.0,1.0,5.0,4.0,5.0,Leonberger,3.0,3.0,4.0,2.0,4.0,4.0,2.0,1.0,1.0,4.0,4.0,3.0,4.0,0,,,4.0,4.0,4.0,4.0,4.0,5.0,3.0,,2.0,5.0,1.0,3.0,2.0
4.0,5.0,4.0,3.0,3.0,Lhasa Apso,3.0,1.0,1.0,3.0,4.0,3.0,2.0,3.0,5.0,2.0,4.0,4.0,3.0,0,,,3.0,5.0,3.0,4.0,5.0,1.0,4.0,,4.0,3.0,2.0,3.0,2.0
3.0,5.0,5.0,5.0,3.0,Lowchen,4.0,1.0,3.0,5.0,4.0,4.0,4.0,5.0,4.0,3.0,5.0,4.0,3.0,0,,,3.0,5.0,3.0,4.0,3.0,1.0,4.0,,1.0,3.0,3.0,4.0,5.0
3.0,5.0,5.0,4.0,2.0,Maltese,4.0,1.0,2.0,4.0,3.0,2.0,2.0,3.0,5.0,2.0,3.0,4.0,3.0,0,,,3.0,4.0,3.0,4.0,4.0,1.0,2.0,,1.0,1.0,3.0,3.0,1.0
3.0,5.0,4.0,3.0,1.0,Maltese Shih Tzu,3.0,1.0,2.0,4.0,3.0,3.0,3.0,2.0,5.0,2.0,3.0,3.0,2.0,0,,,4.0,3.0,3.0,5.0,3.0,1.0,4.0,,3.0,2.0,2.0,4.0,1.0
4.0,5.0,5.0,4.0,1.0,Maltipoo,4.0,1.0,3.0,5.0,3.0,2.0,4.0,2.0,5.0,2.0,4.0,4.0,3.0,0,,,3.0,4.0,2.0,2.0,5.0,2.0,5.0,,1.0,2.0,3.0,4.0,4.0
3.0,5.0,4.0,3.0,3.0,Manchester Terrier,3.0,1.0,5.0,2.0,4.0,4.0,3.0,2.0,3.0,3.0,3.0,4.0,4.0,0,,,2.0,4.0,4.0,4.0,3.0,2.0,4.0,,3.0,1.0,3.0,3.0,4.0
2.0,2.0,5.0,4.0,3.0,Mastiff,2.0,5.0,3.0,3.0,3.0,4.0,2.0,3.0,1.0,4.0,5.0,2.0,3.0,0,,,4.0,4.0,4.0,2.0,3.0,5.0,2.0,,3.0,4.0,1.0,2.0,1.0
3.0,5.0,5.0,3.0,2.0,Miniature Pinscher,2.0,1.0,5.0,3.0,4.0,4.0,3.0,3.0,3.0,3.0,3.0,3.0,3.0,0,,,2.0,5.0,5.0,3.0,5.0,1.0,1.0,,2.0,1.0,3.0,3.0,5.0
4.0,4.0,5.0,4.0,2.0,Miniature Schnauzer,3.0,1.0,2.0,5.0,5.0,5.0,3.0,3.0,3.0,2.0,3.0,4.0,3.0,0,,,2.0,4.0,4.0,4.0,4.0,2.0,3.0,,5.0,4.0,4.0,4.0,3.0
3.0,2.0,4.0,3.0,3.0,Mudi,2.0,1.0,4.0,5.0,4.0,4.0,2.0,4.0,4.0,3.0,2.0,4.0,2.0,0,,,3.0,4.0,2.0,4.0,4.0,2.0,4.0,,2.0,3.0,3.0,4.0,4.0
3.0,3.0,4.0,3.0,3.0,Mutt,3.0,3.0,3.0,4.0,3.0,3.0,3.0,4.0,3.0,3.0,3.0,4.0,3.0,0,,,3.0,3.0,3.0,3.0,3.0,3.0,3.0,,3.0,3.0,3.0,3.0,3.0
2.0,2.0,5.0,3.0,3.0,Neapolitan Mastiff,2.0,5.0,3.0,3.0,3.0,3.0,1.0,2.0,1.0,4.0,4.0,3.0,1.0,0,,,2.0,4.0,5.0,1.0,4.0,5.0,1.0,,1.0,1.0,2.0,2.0,1.0
3.0,1.0,5.0,5.0,5.0,Newfoundland,4.0,5.0,2.0,5.0,3.0,3.0,4.0,1.0,3.0,4.0,5.0,4.0,1.0,0,,,3.0,4.0,4.0,4.0,4.0,5.0,4.0,,1.0,5.0,2.0,4.0,3.0
4.0,4.0,5.0,5.0,1.0,Norfolk Terrier,5.0,1.0,4.0,5.0,4.0,4.0,4.0,5.0,5.0,3.0,4.0,4.0,4.0,0,,,2.0,5.0,5.0,1.0,4.0,1.0,3.0,,3.0,4.0,4.0,3.0,4.0
3.0,3.0,5.0,4.0,3.0,Norwegian Buhund,3.0,1.0,2.0,4.0,4.0,5.0,3.0,4.0,3.0,3.0,5.0,3.0,4.0,0,,,3.0,5.0,3.0,2.0,3.0,3.0,4.0,,4.0,5.0,2.0,3.0,4.0
4.0,4.0,5.0,4.0,5.0,Norwegian Elkhound,4.0,1.0,3.0,2.0,5.0,5.0,4.0,4.0,4.0,3.0,4.0,4.0,3.0,0,,,3.0,4.0,4.0,4.0,4.0,3.0,4.0,,2.0,5.0,3.0,4.0,4.0
3.0,1.0,5.0,5.0,5.0,Norwegian Lundehund,5.0,1.0,4.0,4.0,4.0,5.0,5.0,3.0,1.0,3.0,5.0,5.0,4.0,0,,,3.0,5.0,3.0,2.0,3.0,3.0,1.0,,2.0,5.0,3.0,3.0,5.0
4.0,5.0,5.0,5.0,2.0,Norwich Terrier,5.0,1.0,2.0,4.0,5.0,4.0,5.0,4.0,3.0,3.0,5.0,4.0,4.0,0,,,4.0,5.0,5.0,3.0,4.0,1.0,4.0,,2.0,4.0,4.0,4.0,4.0
4.0,5.0,5.0,5.0,3.0,Nova Scotia Duck Tolling Retriever,4.0,1.0,5.0,4.0,5.0,5.0,4.0,4.0,3.0,3.0,5.0,5.0,3.0,0,,,4.0,5.0,4.0,5.0,3.0,3.0,4.0,,2.0,4.0,4.0,4.0,3.0
4.0,5.0,5.0,4.0,1.0,Old English Sheepdog,4.0,4.0,1.0,3.0,4.0,4.0,4.0,4.0,4.0,3.0,4.0,4.0,3.0,0,,,2.0,4.0,4.0,3.0,4.0,4.0,1.0,,2.0,4.0,2.0,3.0,2.0
3.0,1.0,5.0,5.0,4.0,Otterhound,5.0,1.0,2.0,2.0,5.0,5.0,4.0,4.0,4.0,3.0,5.0,4.0,4.0,0,,,3.0,5.0,3.0,5.0,2.0,4.0,2.0,,5.0,4.0,3.0,4.0,5.0
3.0,5.0,5.0,4.0,2.0,Papillon,4.0,1.0,3.0,5.0,4.0,5.0,5.0,3.0,5.0,2.0,3.0,4.0,3.0,0,,,3.0,5.0,3.0,4.0,3.0,1.0,2.0,,1.0,2.0,4.0,3.0,1.0
4.0,5.0,5.0,4.0,2.0,Peekapoo,4.0,1.0,2.0,3.0,3.0,3.0,3.0,3.0,5.0,2.0,4.0,4.0,2.0,0,,,4.0,4.0,4.0,3.0,4.0,1.0,4.0,,2.0,3.0,2.0,3.0,1.0
3.0,5.0,5.0,3.0,4.0,Pekingese,2.0,1.0,1.0,3.0,2.0,2.0,2.0,2.0,4.0,2.0,2.0,4.0,1.0,0,,,3.0,3.0,3.0,5.0,2.0,1.0,4.0,,3.0,4.0,1.0,4.0,3.0
4.0,4.0,5.0,4.0,5.0,Pembroke Welsh Corgi,3.0,1.0,4.0,5.0,4.0,4.0,5.0,3.0,4.0,3.0,4.0,5.0,3.0,0,,,2.0,4.0,4.0,3.0,4.0,2.0,2.0,,3.0,4.0,3.0,3.0,2.0
3.0,4.0,5.0,5.0,4.0,Petit Basset Griffon Vendeen,5.0,1.0,2.0,1.0,5.0,5.0,5.0,3.0,3.0,3.0,5.0,4.0,4.0,0,,,3.0,5.0,4.0,5.0,3.0,2.0,5.0,,3.0,4.0,3.0,4.0,5.0
4.0,4.0,5.0,5.0,2.0,Pharaoh Hound,5.0,1.0,4.0,3.0,2.0,4.0,4.0,5.0,4.0,3.0,5.0,4.0,3.0,0,,,4.0,4.0,3.0,5.0,5.0,3.0,4.0,,2.0,1.0,5.0,4.0,4.0
2.0,1.0,4.0,4.0,2.0,Plott,5.0,1.0,5.0,4.0,4.0,5.0,3.0,5.0,1.0,3.0,3.0,3.0,4.0,0,,,3.0,3.0,3.0,5.0,4.0,3.0,1.0,,2.0,2.0,4.0,4.0,5.0
3.0,4.0,5.0,5.0,3.0,Pocket Beagle,5.0,1.0,5.0,3.0,4.0,4.0,4.0,3.0,3.0,3.0,5.0,4.0,4.0,0,,,4.0,4.0,5.0,3.0,4.0,2.0,5.0,,2.0,2.0,4.0,4.0,5.0
2.0,1.0,5.0,5.0,3.0,Pointer,5.0,1.0,5.0,5.0,5.0,5.0,5.0,3.0,1.0,3.0,5.0,5.0,5.0,0,,,5.0,5.0,3.0,5.0,3.0,3.0,3.0,,1.0,2.0,4.0,5.0,5.0
4.0,4.0,5.0,4.0,1.0,Polish Lowland Sheepdog,3.0,1.0,1.0,4.0,4.0,4.0,3.0,4.0,2.0,2.0,4.0,4.0,3.0,0,,,3.0,4.0,3.0,3.0,4.0,3.0,2.0,,3.0,4.0,4.0,3.0,3.0
3.0,4.0,5.0,3.0,4.0,Pomeranian,2.0,1.0,2.0,4.0,3.0,2.0,3.0,3.0,4.0,3.0,2.0,4.0,2.0,0,,,2.0,3.0,4.0,2.0,4.0,1.0,5.0,,1.0,4.0,2.0,3.0,1.0
3.0,5.0,5.0,3.0,4.0,Pomsky,3.0,1.0,2.0,3.0,4.0,3.0,3.0,3.0,2.0,3.0,2.0,4.0,2.0,0,,,3.0,4.0,3.0,4.0,4.0,2.0,5.0,,1.0,5.0,3.0,4.0,2.0
4.0,5.0,5.0,5.0,1.0,Poodle,4.0,1.0,1.0,5.0,4.0,4.0,4.0,2.0,5.0,2.0,5.0,5.0,3.0,0,,,4.0,5.0,4.0,2.0,4.0,4.0,2.0,,1.0,3.0,4.0,4.0,3.0
3.0,4.0,5.0,5.0,1.0,Portuguese Water Dog,5.0,1.0,2.0,4.0,5.0,5.0,3.0,4.0,3.0,2.0,5.0,5.0,3.0,0,,,5.0,5.0,3.0,3.0,4.0,3.0,3.0,,2.0,4.0,3.0,4.0,3.0
3.0,5.0,5.0,4.0,5.0,Pug,4.0,1.0,5.0,3.0,3.0,3.0,4.0,1.0,5.0,3.0,4.0,2.0,4.0,0,,,2.0,5.0,5.0,3.0,3.0,2.0,2.0,,1.0,2.0,1.0,2.0,2.0
4.0,4.0,3.0,5.0,3.0,Puggle,5.0,1.0,5.0,2.0,3.0,3.0,5.0,4.0,5.0,3.0,5.0,3.0,2.0,0,,,3.0,3.0,5.0,2.0,3.0,2.0,4.0,,3.0,3.0,3.0,3.0,5.0
3.0,4.0,5.0,4.0,1.0,Puli,5.0,1.0,1.0,2.0,5.0,5.0,2.0,5.0,1.0,2.0,5.0,4.0,5.0,0,,,3.0,5.0,3.0,4.0,4.0,3.0,4.0,,2.0,4.0,3.0,4.0,5.0
3.0,5.0,5.0,4.0,3.0,Pyrenean Shepherd,2.0,1.0,3.0,2.0,4.0,5.0,2.0,2.0,2.0,2.0,5.0,4.0,5.0,0,,,3.0,5.0,3.0,4.0,4.0,2.0,5.0,,1.0,4.0,3.0,3.0,2.0
3.0,5.0,4.0,4.0,4.0,Rat Terrier,3.0,1.0,5.0,5.0,5.0,4.0,4.0,4.0,3.0,3.0,5.0,4.0,4.0,0,,,2.0,5.0,3.0,4.0,4.0,1.0,1.0,,3.0,1.0,4.0,3.0,4.0
3.0,4.0,5.0,4.0,2.0,Redbone Coonhound,4.0,4.0,5.0,3.0,4.0,5.0,3.0,3.0,2.0,3.0,5.0,4.0,4.0,0,,,4.0,5.0,3.0,4.0,5.0,3.0,4.0,,2.0,3.0,2.0,4.0,5.0
3.0,1.0,5.0,4.0,4.0,Rhodesian Ridgeback,4.0,1.0,5.0,2.0,4.0,5.0,3.0,4.0,2.0,4.0,4.0,4.0,4.0,0,,,3.0,5.0,3.0,5.0,4.0,4.0,1.0,,2.0,3.0,3.0,3.0,5.0
2.0,2.0,5.0,4.0,4.0,Rottweiler,2.0,4.0,5.0,4.0,4.0,4.0,4.0,2.0,1.0,4.0,4.0,5.0,4.0,0,,,3.0,5.0,5.0,4.0,4.0,3.0,4.0,,1.0,2.0,3.0,4.0,2.0
3.0,3.0,5.0,5.0,4.0,Saint Bernard,5.0,5.0,2.0,2.0,3.0,2.0,5.0,2.0,2.0,4.0,5.0,4.0,2.0,0,,,3.0,4.0,4.0,1.0,4.0,5.0,1.0,,1.0,5.0,1.0,2.0,2.0
2.0,1.0,5.0,4.0,2.0,Saluki,4.0,1.0,4.0,4.0,5.0,5.0,1.0,4.0,2.0,3.0,4.0,4.0,2.0,0,,,4.0,5.0,1.0,5.0,5.0,4.0,1.0,,1.0,2.0,3.0,4.0,5.0
3.0,2.0,5.0,5.0,5.0,Samoyed,5.0,2.0,1.0,3.0,5.0,5.0,5.0,3.0,2.0,3.0,5.0,3.0,2.0,0,,,3.0,5.0,4.0,5.0,4.0,3.0,3.0,,2.0,5.0,1.0,4.0,4.0
3.0,4.0,4.0,3.0,3.0,Schipperke,2.0,1.0,5.0,2.0,5.0,5.0,2.0,4.0,4.0,3.0,5.0,4.0,3.0,0,,,3.0,5.0,5.0,2.0,4.0,1.0,4.0,,3.0,3.0,2.0,3.0,5.0
3.0,3.0,4.0,4.0,2.0,Schnoodle,3.0,1.0,4.0,4.0,4.0,4.0,3.0,3.0,5.0,3.0,5.0,5.0,3.0,0,,,3.0,4.0,4.0,3.0,4.0,4.0,2.0,,2.0,2.0,4.0,3.0,3.0
3.0,1.0,5.0,4.0,5.0,Scottish Deerhound,2.0,1.0,2.0,2.0,5.0,5.0,5.0,3.0,1.0,3.0,4.0,3.0,5.0,0,,,4.0,5.0,4.0,5.0,3.0,5.0,1.0,,2.0,4.0,4.0,3.0,4.0
3.0,4.0,5.0,4.0,2.0,Scottish Terrier,4.0,1.0,2.0,1.0,4.0,4.0,4.0,4.0,2.0,2.0,4.0,4.0,4.0,0,,,3.0,4.0,3.0,3.0,4.0,2.0,4.0,,3.0,4.0,3.0,3.0,5.0
4.0,4.0,4.0,4.0,4.0,Sealyham Terrier,4.0,3.0,1.0,3.0,4.0,4.0,3.0,5.0,4.0,3.0,4.0,4.0,2.0,0,,,2.0,4.0,3.0,2.0,4.0,2.0,2.0,,2.0,4.0,3.0,3.0,3.0
3.0,2.0,5.0,5.0,5.0,Shetland Sheepdog,4.0,1.0,2.0,5.0,4.0,4.0,5.0,4.0,3.0,3.0,5.0,5.0,2.0,0,,,1.0,4.0,3.0,3.0,5.0,1.0,1.0,,2.0,4.0,3.0,3.0,2.0
4.0,5.0,4.0,3.0,4.0,Shiba Inu,3.0,1.0,4.0,2.0,4.0,3.0,3.0,3.0,4.0,3.0,3.0,4.0,2.0,0,,,4.0,3.0,2.0,3.0,3.0,2.0,4.0,,5.0,4.0,3.0,4.0,4.0
3.0,5.0,5.0,5.0,3.0,Shih Tzu,4.0,1.0,1.0,3.0,2.0,2.0,5.0,3.0,5.0,2.0,4.0,4.0,3.0,0,,,4.0,4.0,4.0,4.0,3.0,1.0,2.0,,3.0,3.0,1.0,3.0,2.0
3.0,2.0,5.0,5.0,3.0,Siberian Husky,5.0,3.0,2.0,2.0,5.0,5.0,5.0,4.0,1.0,3.0,5.0,3.0,3.0,0,,,4.0,5.0,2.0,3.0,4.0,3.0,5.0,,1.0,5.0,3.0,4.0,5.0
4.0,4.0,5.0,4.0,2.0,Silken Windhound,3.0,2.0,4.0,5.0,4.0,4.0,4.0,4.0,4.0,3.0,4.0,4.0,2.0,0,,,3.0,5.0,2.0,5.0,4.0,3.0,1.0,,2.0,4.0,4.0,4.0,4.0
3.0,5.0,4.0,3.0,2.0,Silky Terrier,2.0,1.0,4.0,4.0,4.0,3.0,3.0,4.0,3.0,3.0,3.0,4.0,4.0,0,,,2.0,4.0,3.0,5.0,3.0,1.0,4.0,,3.0,1.0,4.0,4.0,3.0
4.0,4.0,4.0,4.0,3.0,Skye Terrier,2.0,1.0,3.0,2.0,3.0,3.0,5.0,5.0,4.0,3.0,4.0,4.0,4.0,0,,,3.0,4.0,3.0,4.0,3.0,2.0,4.0,,2.0,4.0,4.0,4.0,4.0
3.0,4.0,5.0,4.0,3.0,Sloughi,4.0,1.0,5.0,3.0,5.0,5.0,3.0,3.0,2.0,3.0,5.0,4.0,3.0,0,,,3.0,3.0,2.0,5.0,4.0,4.0,2.0,,3.0,2.0,3.0,3.0,3.0
3.0,1.0,5.0,5.0,3.0,Small Munsterlander Pointer,5.0,1.0,3.0,5.0,4.0,5.0,4.0,5.0,2.0,3.0,5.0,5.0,5.0,0,,,3.0,4.0,3.0,5.0,3.0,3.0,3.0,,4.0,5.0,3.0,4.0,4.0
3.0,5.0,5.0,5.0,2.0,Soft Coated Wheaten Terrier,5.0,1.0,3.0,4.0,4.0,4.0,5.0,4.0,4.0,3.0,5.0,4.0,3.0,0,,,2.0,5.0,3.0,3.0,4.0,3.0,3.0,,2.0,2.0,3.0,3.0,4.0
3.0,2.0,5.0,4.0,3.0,Stabyhoun,4.0,1.0,3.0,5.0,3.0,4.0,3.0,5.0,3.0,3.0,5.0,5.0,4.0,0,,,1.0,5.0,3.0,4.0,4.0,3.0,3.0,,3.0,2.0,2.0,4.0,3.0
2.0,3.0,5.0,4.0,3.0,Staffordshire Bull Terrier,1.0,3.0,5.0,2.0,3.0,4.0,5.0,3.0,1.0,3.0,5.0,3.0,3.0,0,,,2.0,5.0,4.0,2.0,4.0,2.0,3.0,,2.0,3.0,1.0,3.0,4.0
3.0,4.0,4.0,3.0,1.0,Standard Schnauzer,3.0,1.0,2.0,3.0,5.0,5.0,2.0,5.0,2.0,2.0,4.0,5.0,3.0,0,,,3.0,5.0,1.0,5.0,4.0,3.0,2.0,,2.0,4.0,4.0,4.0,5.0
4.0,5.0,5.0,5.0,3.0,Sussex Spaniel,5.0,1.0,4.0,3.0,2.0,2.0,5.0,4.0,5.0,3.0,5.0,5.0,1.0,0,,,2.0,4.0,5.0,1.0,5.0,2.0,4.0,,1.0,5.0,5.0,3.0,1.0
3.0,3.0,5.0,4.0,4.0,Swedish Vallhund,3.0,1.0,5.0,5.0,5.0,5.0,5.0,4.0,1.0,4.0,4.0,5.0,3.0,0,,,2.0,5.0,4.0,4.0,3.0,3.0,1.0,,3.0,4.0,3.0,3.0,3.0
3.0,1.0,5.0,4.0,2.0,Tibetan Mastiff,5.0,2.0,4.0,1.0,4.0,2.0,2.0,3.0,1.0,3.0,5.0,5.0,2.0,0,,,5.0,5.0,4.0,3.0,5.0,5.0,2.0,,1.0,5.0,2.0,3.0,3.0
3.0,5.0,5.0,4.0,3.0,Tibetan Spaniel,4.0,1.0,4.0,4.0,3.0,4.0,3.0,5.0,4.0,3.0,5.0,4.0,3.0,0,,,3.0,4.0,3.0,3.0,5.0,1.0,4.0,,1.0,1.0,2.0,4.0,3.0
4.0,5.0,5.0,4.0,1.0,Tibetan Terrier,4.0,1.0,1.0,4.0,5.0,5.0,3.0,5.0,3.0,2.0,5.0,4.0,4.0,0,,,2.0,5.0,3.0,2.0,4.0,2.0,2.0,,1.0,4.0,4.0,3.0,3.0
3.0,5.0,5.0,4.0,4.0,Toy Fox Terrier,3.0,1.0,5.0,3.0,5.0,5.0,3.0,5.0,3.0,3.0,4.0,4.0,4.0,0,,,2.0,5.0,2.0,5.0,4.0,1.0,4.0,,1.0,2.0,3.0,4.0,4.0
2.0,1.0,4.0,4.0,4.0,Treeing Tennessee Brindle,4.0,3.0,5.0,3.0,4.0,5.0,3.0,4.0,2.0,4.0,4.0,4.0,4.0,0,,,3.0,3.0,3.0,4.0,3.0,3.0,1.0,,2.0,3.0,3.0,3.0,1.0
3.0,1.0,4.0,4.0,3.0,Treeing Walker Coonhound,3.0,2.0,5.0,2.0,4.0,5.0,3.0,4.0,2.0,4.0,4.0,4.0,4.0,0,,,3.0,3.0,3.0,4.0,5.0,4.0,5.0,,2.0,3.0,3.0,4.0,5.0
3.0,1.0,5.0,5.0,2.0,Vizsla,5.0,1.0,5.0,5.0,5.0,5.0,5.0,4.0,3.0,3.0,5.0,4.0,4.0,0,,,4.0,5.0,2.0,2.0,5.0,3.0,5.0,,1.0,1.0,4.0,4.0,5.0
3.0,1.0,5.0,4.0,4.0,Weimaraner,3.0,4.0,5.0,4.0,5.0,5.0,3.0,3.0,2.0,4.0,4.0,5.0,5.0,0,,,5.0,5.0,2.0,5.0,5.0,4.0,2.0,,1.0,3.0,4.0,4.0,5.0
4.0,4.0,5.0,4.0,3.0,Welsh Springer Spaniel,4.0,1.0,4.0,5.0,5.0,5.0,3.0,4.0,4.0,3.0,5.0,5.0,4.0,0,,,3.0,4.0,4.0,3.0,5.0,3.0,5.0,,1.0,4.0,4.0,4.0,5.0
3.0,3.0,4.0,5.0,2.0,Welsh Terrier,5.0,1.0,2.0,3.0,5.0,5.0,4.0,5.0,3.0,3.0,5.0,5.0,5.0,0,,,2.0,5.0,3.0,5.0,3.0,2.0,4.0,,2.0,2.0,2.0,4.0,4.0
4.0,4.0,5.0,4.0,4.0,West Highland White Terrier,5.0,1.0,3.0,4.0,4.0,4.0,3.0,3.0,4.0,3.0,4.0,4.0,4.0,0,,,2.0,4.0,4.0,4.0,4.0,2.0,4.0,,2.0,4.0,3.0,4.0,3.0
3.0,5.0,5.0,5.0,2.0,Whippet,4.0,1.0,5.0,4.0,5.0,5.0,4.0,4.0,3.0,3.0,5.0,4.0,2.0,0,,,4.0,5.0,1.0,5.0,5.0,3.0,1.0,,2.0,1.0,4.0,4.0,4.0
3.0,1.0,5.0,5.0,1.0,Wirehaired Pointing Griffon,4.0,1.0,3.0,5.0,5.0,4.0,5.0,4.0,3.0,3.0,5.0,5.0,3.0,0,,,3.0,5.0,3.0,4.0,4.0,3.0,4.0,,1.0,4.0,3.0,4.0,4.0
,,,,,Xoloitzcuintli,,,,,,,,,,,,,,0,,,,,,,,,,,,,,,
4.0,5.0,5.0,4.0,1.0,Yorkipoo,3.0,1.0,4.0,4.0,5.0,3.0,2.0,3.0,5.0,2.0,4.0,4.0,3.0,0,,,3.0,4.0,2.0,3.0,4.0,1.0,5.0,,3.0,2.0,3.0,4.0,2.0
3.0,5.0,4.0,3.0,2.0,Yorkshire Terrier,3.0,1.0,1.0,3.0,5.0,4.0,2.0,4.0,4.0,2.0,2.0,3.0,4.0,0,,,2.0,5.0,2.0,2.0,5.0,1.0,3.0,,2.0,2.0,2.0,3.0,3.0
